ID, training_time_hms, training_time_s, predictor, rs, disc_func, psi_model, rbf, shape_param, pts_dist, optimizer, N, n_eval, max_epochs, tot_epochs, lr_factor, lr_pat, es_pat, psimodel_only, loaded_psi, batch_psimod_only, trainperc_psimod_only, reg_fac
f2_dNNVSK_729, 0:01:08.917125, 68.9171245098114, vsk_interpol, 4, dfunc_basic_004, deltaresnet_000, matern_c2, 0.06, halton, adam_lr1e-4, 729, 100, 2000, 2000, 0.5, 75, 550, False, False, 32, 0.8, 0.001
f2_dNNVSK_729, 0:01:09.835830, 69.83582973480225, vsk_interpol, 4, dfunc_basic_004, deltaresnet_000, matern_c2, 0.06, halton, adam_lr1e-4, 729, 100, 2000, 2000, 0.5, 75, 550, False, False, 32, 0.8, 0.001
f2_dNNVSK_729, 0:01:11.298643, 71.29864263534546, vsk_interpol, 4, dfunc_basic_004, deltaresnet_000, matern_c2, 0.06, halton, adam_lr1e-4, 729, 100, 2000, 2000, 0.5, 75, 550, False, False, 32, 0.8, 0.001
f2_dNNVSK_729, 0:01:11.015822, 71.0158224105835, vsk_interpol, 4, dfunc_basic_004, deltaresnet_000, matern_c2, 0.06, halton, adam_lr1e-4, 729, 100, 2000, 2000, 0.5, 75, 550, False, False, 32, 0.8, 0.001
f2_dNNVSK_729, 0:01:08.802534, 68.8025336265564, vsk_interpol, 4, dfunc_basic_004, deltaresnet_000, matern_c2, 0.06, halton, adam_lr1e-4, 729, 100, 2000, 2000, 0.5, 75, 550, False, False, 32, 0.8, 0.001
f2_dNNVSK_729, 0:01:08.177469, 68.17746925354004, vsk_interpol, 4, dfunc_basic_004, deltaresnet_000, matern_c2, 0.06, halton, adam_lr1e-4, 729, 100, 2000, 2000, 0.5, 75, 550, False, False, 32, 0.8, 0.001
f2_dNNVSK_729, 0:01:08.394512, 68.39451169967651, vsk_interpol, 4, dfunc_basic_004, deltaresnet_000, matern_c2, 0.06, halton, adam_lr1e-4, 729, 100, 2000, 2000, 0.5, 75, 550, False, False, 32, 0.8, 0.001
f2_dNNVSK_729, 0:01:08.257511, 68.25751113891602, vsk_interpol, 4, dfunc_basic_004, deltaresnet_000, matern_c2, 0.06, halton, adam_lr1e-4, 729, 100, 2000, 2000, 0.5, 75, 550, False, False, 32, 0.8, 0.001
f2_dNNVSK_729, 0:01:08.387220, 68.38721966743469, vsk_interpol, 4, dfunc_basic_004, deltaresnet_000, matern_c2, 0.06, halton, adam_lr1e-4, 729, 100, 2000, 2000, 0.5, 75, 550, False, False, 32, 0.8, 0.001
f2_dNNVSK_729, 0:01:08.272619, 68.2726194858551, vsk_interpol, 4, dfunc_basic_004, deltaresnet_000, matern_c2, 0.06, halton, adam_lr1e-4, 729, 100, 2000, 2000, 0.5, 75, 550, False, False, 32, 0.8, 0.001
f2_VSKf_729, 0:02:41.634104, 161.63410425186157, vsk_interpol, 4, dfunc_basic_004, deltaresnet_000, matern_c2, 0.06, halton, adam_lr1e-4, 729, 100, 1000, 1000, 0.5, 75, 550, True, False, 32, 0.8, 0.001
f2_VSKf_729, 0:02:40.848785, 160.84878540039062, vsk_interpol, 4, dfunc_basic_004, deltaresnet_000, matern_c2, 0.06, halton, adam_lr1e-4, 729, 100, 1000, 1000, 0.5, 75, 550, True, False, 32, 0.8, 0.001
f2_VSKf_729, 0:02:41.911177, 161.9111773967743, vsk_interpol, 4, dfunc_basic_004, deltaresnet_000, matern_c2, 0.06, halton, adam_lr1e-4, 729, 100, 1000, 1000, 0.5, 75, 550, True, False, 32, 0.8, 0.001
f2_VSKf_729, 0:02:41.924888, 161.9248878955841, vsk_interpol, 4, dfunc_basic_004, deltaresnet_000, matern_c2, 0.06, halton, adam_lr1e-4, 729, 100, 1000, 1000, 0.5, 75, 550, True, False, 32, 0.8, 0.001
f2_VSKf_729, 0:02:41.572698, 161.57269763946533, vsk_interpol, 4, dfunc_basic_004, deltaresnet_000, matern_c2, 0.06, halton, adam_lr1e-4, 729, 100, 1000, 1000, 0.5, 75, 550, True, False, 32, 0.8, 0.001
f2_VSKf_729, 0:02:42.567850, 162.56784987449646, vsk_interpol, 4, dfunc_basic_004, deltaresnet_000, matern_c2, 0.06, halton, adam_lr1e-4, 729, 100, 1000, 1000, 0.5, 75, 550, True, False, 32, 0.8, 0.001
f2_VSKf_729, 0:02:42.387079, 162.38707900047302, vsk_interpol, 4, dfunc_basic_004, deltaresnet_000, matern_c2, 0.06, halton, adam_lr1e-4, 729, 100, 1000, 1000, 0.5, 75, 550, True, False, 32, 0.8, 0.001
f2_VSKf_729, 0:02:41.218099, 161.21809911727905, vsk_interpol, 4, dfunc_basic_004, deltaresnet_000, matern_c2, 0.06, halton, adam_lr1e-4, 729, 100, 1000, 1000, 0.5, 75, 550, True, False, 32, 0.8, 0.001
f2_VSKf_729, 0:02:41.098952, 161.09895181655884, vsk_interpol, 4, dfunc_basic_004, deltaresnet_000, matern_c2, 0.06, halton, adam_lr1e-4, 729, 100, 1000, 1000, 0.5, 75, 550, True, False, 32, 0.8, 0.001
f2_VSKf_729, 0:02:42.531431, 162.53143095970154, vsk_interpol, 4, dfunc_basic_004, deltaresnet_000, matern_c2, 0.06, halton, adam_lr1e-4, 729, 100, 1000, 1000, 0.5, 75, 550, True, False, 32, 0.8, 0.001
f2_dNNVSK_1089, 0:01:43.605646, 103.60564589500427, vsk_interpol, 4, dfunc_basic_004, deltaresnet_000, matern_c2, 0.12, halton, adam_lr1e-4, 1089, 100, 2000, 2000, 0.5, 75, 550, False, False, 32, 0.8, 0.001
f2_dNNVSK_1089, 0:01:44.385331, 104.38533139228821, vsk_interpol, 4, dfunc_basic_004, deltaresnet_000, matern_c2, 0.12, halton, adam_lr1e-4, 1089, 100, 2000, 2000, 0.5, 75, 550, False, False, 32, 0.8, 0.001
f2_dNNVSK_1089, 0:01:44.354541, 104.35454058647156, vsk_interpol, 4, dfunc_basic_004, deltaresnet_000, matern_c2, 0.12, halton, adam_lr1e-4, 1089, 100, 2000, 2000, 0.5, 75, 550, False, False, 32, 0.8, 0.001
f2_dNNVSK_1089, 0:01:44.389904, 104.38990449905396, vsk_interpol, 4, dfunc_basic_004, deltaresnet_000, matern_c2, 0.12, halton, adam_lr1e-4, 1089, 100, 2000, 2000, 0.5, 75, 550, False, False, 32, 0.8, 0.001
f2_dNNVSK_1089, 0:01:44.557391, 104.55739116668701, vsk_interpol, 4, dfunc_basic_004, deltaresnet_000, matern_c2, 0.12, halton, adam_lr1e-4, 1089, 100, 2000, 2000, 0.5, 75, 550, False, False, 32, 0.8, 0.001
f2_dNNVSK_1089, 0:01:44.485250, 104.48524975776672, vsk_interpol, 4, dfunc_basic_004, deltaresnet_000, matern_c2, 0.12, halton, adam_lr1e-4, 1089, 100, 2000, 2000, 0.5, 75, 550, False, False, 32, 0.8, 0.001
f2_dNNVSK_1089, 0:01:44.815013, 104.81501317024231, vsk_interpol, 4, dfunc_basic_004, deltaresnet_000, matern_c2, 0.12, halton, adam_lr1e-4, 1089, 100, 2000, 2000, 0.5, 75, 550, False, False, 32, 0.8, 0.001
f2_dNNVSK_1089, 0:01:44.281323, 104.28132343292236, vsk_interpol, 4, dfunc_basic_004, deltaresnet_000, matern_c2, 0.12, halton, adam_lr1e-4, 1089, 100, 2000, 2000, 0.5, 75, 550, False, False, 32, 0.8, 0.001
f2_dNNVSK_1089, 0:01:44.637894, 104.63789439201355, vsk_interpol, 4, dfunc_basic_004, deltaresnet_000, matern_c2, 0.12, halton, adam_lr1e-4, 1089, 100, 2000, 2000, 0.5, 75, 550, False, False, 32, 0.8, 0.001
f2_dNNVSK_1089, 0:01:44.588006, 104.58800601959229, vsk_interpol, 4, dfunc_basic_004, deltaresnet_000, matern_c2, 0.12, halton, adam_lr1e-4, 1089, 100, 2000, 2000, 0.5, 75, 550, False, False, 32, 0.8, 0.001
f2_VSKf_1089, 0:03:47.555707, 227.5557074546814, vsk_interpol, 4, dfunc_basic_004, deltaresnet_000, matern_c2, 0.12, halton, adam_lr1e-4, 1089, 100, 1000, 1000, 0.5, 75, 550, True, False, 32, 0.8, 0.001
f2_VSKf_1089, 0:03:47.279414, 227.27941417694092, vsk_interpol, 4, dfunc_basic_004, deltaresnet_000, matern_c2, 0.12, halton, adam_lr1e-4, 1089, 100, 1000, 1000, 0.5, 75, 550, True, False, 32, 0.8, 0.001
f2_VSKf_1089, 0:03:47.480069, 227.48006916046143, vsk_interpol, 4, dfunc_basic_004, deltaresnet_000, matern_c2, 0.12, halton, adam_lr1e-4, 1089, 100, 1000, 1000, 0.5, 75, 550, True, False, 32, 0.8, 0.001
f2_VSKf_1089, 0:03:47.341558, 227.34155821800232, vsk_interpol, 4, dfunc_basic_004, deltaresnet_000, matern_c2, 0.12, halton, adam_lr1e-4, 1089, 100, 1000, 1000, 0.5, 75, 550, True, False, 32, 0.8, 0.001
f2_VSKf_1089, 0:03:46.202975, 226.20297479629517, vsk_interpol, 4, dfunc_basic_004, deltaresnet_000, matern_c2, 0.12, halton, adam_lr1e-4, 1089, 100, 1000, 1000, 0.5, 75, 550, True, False, 32, 0.8, 0.001
f2_VSKf_1089, 0:03:46.960614, 226.96061444282532, vsk_interpol, 4, dfunc_basic_004, deltaresnet_000, matern_c2, 0.12, halton, adam_lr1e-4, 1089, 100, 1000, 1000, 0.5, 75, 550, True, False, 32, 0.8, 0.001
f2_VSKf_1089, 0:03:46.925155, 226.92515540122986, vsk_interpol, 4, dfunc_basic_004, deltaresnet_000, matern_c2, 0.12, halton, adam_lr1e-4, 1089, 100, 1000, 1000, 0.5, 75, 550, True, False, 32, 0.8, 0.001
f2_VSKf_1089, 0:03:46.261311, 226.26131105422974, vsk_interpol, 4, dfunc_basic_004, deltaresnet_000, matern_c2, 0.12, halton, adam_lr1e-4, 1089, 100, 1000, 1000, 0.5, 75, 550, True, False, 32, 0.8, 0.001
f2_VSKf_1089, 0:03:47.217509, 227.2175087928772, vsk_interpol, 4, dfunc_basic_004, deltaresnet_000, matern_c2, 0.12, halton, adam_lr1e-4, 1089, 100, 1000, 1000, 0.5, 75, 550, True, False, 32, 0.8, 0.001
f2_VSKf_1089, 0:03:46.627958, 226.6279580593109, vsk_interpol, 4, dfunc_basic_004, deltaresnet_000, matern_c2, 0.12, halton, adam_lr1e-4, 1089, 100, 1000, 1000, 0.5, 75, 550, True, False, 32, 0.8, 0.001
f2_dNNVSK_1521, 0:02:32.320046, 152.32004642486572, vsk_interpol, 4, dfunc_basic_004, deltaresnet_000, matern_c2, 0.48, halton, adam_lr1e-4, 1521, 100, 2000, 2000, 0.5, 75, 550, False, False, 32, 0.8, 0.001
f2_dNNVSK_1521, 0:02:33.055346, 153.05534601211548, vsk_interpol, 4, dfunc_basic_004, deltaresnet_000, matern_c2, 0.48, halton, adam_lr1e-4, 1521, 100, 2000, 2000, 0.5, 75, 550, False, False, 32, 0.8, 0.001
f2_dNNVSK_1521, 0:02:33.100570, 153.10057044029236, vsk_interpol, 4, dfunc_basic_004, deltaresnet_000, matern_c2, 0.48, halton, adam_lr1e-4, 1521, 100, 2000, 2000, 0.5, 75, 550, False, False, 32, 0.8, 0.001
f2_dNNVSK_1521, 0:02:32.976383, 152.97638297080994, vsk_interpol, 4, dfunc_basic_004, deltaresnet_000, matern_c2, 0.48, halton, adam_lr1e-4, 1521, 100, 2000, 2000, 0.5, 75, 550, False, False, 32, 0.8, 0.001
f2_dNNVSK_1521, 0:02:33.218755, 153.21875476837158, vsk_interpol, 4, dfunc_basic_004, deltaresnet_000, matern_c2, 0.48, halton, adam_lr1e-4, 1521, 100, 2000, 2000, 0.5, 75, 550, False, False, 32, 0.8, 0.001
f2_dNNVSK_1521, 0:02:33.253176, 153.25317645072937, vsk_interpol, 4, dfunc_basic_004, deltaresnet_000, matern_c2, 0.48, halton, adam_lr1e-4, 1521, 100, 2000, 2000, 0.5, 75, 550, False, False, 32, 0.8, 0.001
f2_dNNVSK_1521, 0:02:33.258121, 153.25812149047852, vsk_interpol, 4, dfunc_basic_004, deltaresnet_000, matern_c2, 0.48, halton, adam_lr1e-4, 1521, 100, 2000, 2000, 0.5, 75, 550, False, False, 32, 0.8, 0.001
f2_dNNVSK_1521, 0:02:33.086822, 153.08682203292847, vsk_interpol, 4, dfunc_basic_004, deltaresnet_000, matern_c2, 0.48, halton, adam_lr1e-4, 1521, 100, 2000, 2000, 0.5, 75, 550, False, False, 32, 0.8, 0.001
f2_dNNVSK_1521, 0:02:33.151293, 153.1512930393219, vsk_interpol, 4, dfunc_basic_004, deltaresnet_000, matern_c2, 0.48, halton, adam_lr1e-4, 1521, 100, 2000, 2000, 0.5, 75, 550, False, False, 32, 0.8, 0.001
f2_dNNVSK_1521, 0:02:33.196358, 153.19635820388794, vsk_interpol, 4, dfunc_basic_004, deltaresnet_000, matern_c2, 0.48, halton, adam_lr1e-4, 1521, 100, 2000, 2000, 0.5, 75, 550, False, False, 32, 0.8, 0.001
f2_VSKf_1521, 0:04:44.505284, 284.50528359413147, vsk_interpol, 4, dfunc_basic_004, deltaresnet_000, matern_c2, 0.48, halton, adam_lr1e-4, 1521, 100, 1000, 928, 0.5, 75, 550, True, False, 32, 0.8, 0.001
f2_VSKf_1521, 0:04:44.202393, 284.20239305496216, vsk_interpol, 4, dfunc_basic_004, deltaresnet_000, matern_c2, 0.48, halton, adam_lr1e-4, 1521, 100, 1000, 928, 0.5, 75, 550, True, False, 32, 0.8, 0.001
f2_VSKf_1521, 0:04:43.742729, 283.7427291870117, vsk_interpol, 4, dfunc_basic_004, deltaresnet_000, matern_c2, 0.48, halton, adam_lr1e-4, 1521, 100, 1000, 928, 0.5, 75, 550, True, False, 32, 0.8, 0.001
f2_VSKf_1521, 0:04:43.973923, 283.97392296791077, vsk_interpol, 4, dfunc_basic_004, deltaresnet_000, matern_c2, 0.48, halton, adam_lr1e-4, 1521, 100, 1000, 928, 0.5, 75, 550, True, False, 32, 0.8, 0.001
f2_VSKf_1521, 0:04:43.995192, 283.99519205093384, vsk_interpol, 4, dfunc_basic_004, deltaresnet_000, matern_c2, 0.48, halton, adam_lr1e-4, 1521, 100, 1000, 928, 0.5, 75, 550, True, False, 32, 0.8, 0.001
f2_VSKf_1521, 0:04:45.481989, 285.48198890686035, vsk_interpol, 4, dfunc_basic_004, deltaresnet_000, matern_c2, 0.48, halton, adam_lr1e-4, 1521, 100, 1000, 928, 0.5, 75, 550, True, False, 32, 0.8, 0.001
f2_VSKf_1521, 0:04:44.241263, 284.24126291275024, vsk_interpol, 4, dfunc_basic_004, deltaresnet_000, matern_c2, 0.48, halton, adam_lr1e-4, 1521, 100, 1000, 928, 0.5, 75, 550, True, False, 32, 0.8, 0.001
f2_VSKf_1521, 0:04:43.733024, 283.73302388191223, vsk_interpol, 4, dfunc_basic_004, deltaresnet_000, matern_c2, 0.48, halton, adam_lr1e-4, 1521, 100, 1000, 928, 0.5, 75, 550, True, False, 32, 0.8, 0.001
f2_VSKf_1521, 0:04:45.199840, 285.19984006881714, vsk_interpol, 4, dfunc_basic_004, deltaresnet_000, matern_c2, 0.48, halton, adam_lr1e-4, 1521, 100, 1000, 928, 0.5, 75, 550, True, False, 32, 0.8, 0.001
f2_VSKf_1521, 0:04:43.615197, 283.61519742012024, vsk_interpol, 4, dfunc_basic_004, deltaresnet_000, matern_c2, 0.48, halton, adam_lr1e-4, 1521, 100, 1000, 928, 0.5, 75, 550, True, False, 32, 0.8, 0.001
f1_dNNVSK_729, 0:01:03.589236, 63.58923649787903, vsk_interpol, 5, franke_function, deltaresnet_000, gaussian, 0.6, halton, adam_lr1e-4, 729, 100, 2000, 2000, 0.5, 75, 550, False, False, 32, 0.8, 0.001
f1_dNNVSK_729, 0:01:04.269928, 64.26992774009705, vsk_interpol, 5, franke_function, deltaresnet_000, gaussian, 0.6, halton, adam_lr1e-4, 729, 100, 2000, 2000, 0.5, 75, 550, False, False, 32, 0.8, 0.001
f1_dNNVSK_729, 0:01:04.415907, 64.41590714454651, vsk_interpol, 5, franke_function, deltaresnet_000, gaussian, 0.6, halton, adam_lr1e-4, 729, 100, 2000, 2000, 0.5, 75, 550, False, False, 32, 0.8, 0.001
f1_dNNVSK_729, 0:01:04.380591, 64.38059067726135, vsk_interpol, 5, franke_function, deltaresnet_000, gaussian, 0.6, halton, adam_lr1e-4, 729, 100, 2000, 2000, 0.5, 75, 550, False, False, 32, 0.8, 0.001
f1_dNNVSK_729, 0:01:04.099183, 64.09918332099915, vsk_interpol, 5, franke_function, deltaresnet_000, gaussian, 0.6, halton, adam_lr1e-4, 729, 100, 2000, 2000, 0.5, 75, 550, False, False, 32, 0.8, 0.001
f1_dNNVSK_729, 0:01:04.119966, 64.11996555328369, vsk_interpol, 5, franke_function, deltaresnet_000, gaussian, 0.6, halton, adam_lr1e-4, 729, 100, 2000, 2000, 0.5, 75, 550, False, False, 32, 0.8, 0.001
f1_dNNVSK_729, 0:01:04.676695, 64.6766951084137, vsk_interpol, 5, franke_function, deltaresnet_000, gaussian, 0.6, halton, adam_lr1e-4, 729, 100, 2000, 2000, 0.5, 75, 550, False, False, 32, 0.8, 0.001
f1_dNNVSK_729, 0:01:04.394846, 64.394846200943, vsk_interpol, 5, franke_function, deltaresnet_000, gaussian, 0.6, halton, adam_lr1e-4, 729, 100, 2000, 2000, 0.5, 75, 550, False, False, 32, 0.8, 0.001
f1_dNNVSK_729, 0:01:04.308736, 64.30873608589172, vsk_interpol, 5, franke_function, deltaresnet_000, gaussian, 0.6, halton, adam_lr1e-4, 729, 100, 2000, 2000, 0.5, 75, 550, False, False, 32, 0.8, 0.001
f1_dNNVSK_729, 0:01:04.540989, 64.54098892211914, vsk_interpol, 5, franke_function, deltaresnet_000, gaussian, 0.6, halton, adam_lr1e-4, 729, 100, 2000, 2000, 0.5, 75, 550, False, False, 32, 0.8, 0.001
f1_VSKf_729, 0:02:41.781410, 161.781409740448, vsk_interpol, 5, franke_function, deltaresnet_000, gaussian, 0.6, halton, adam_lr1e-4, 729, 100, 1000, 1000, 0.5, 75, 550, True, False, 32, 0.8, 0.001
f1_VSKf_729, 0:02:42.187109, 162.18710947036743, vsk_interpol, 5, franke_function, deltaresnet_000, gaussian, 0.6, halton, adam_lr1e-4, 729, 100, 1000, 1000, 0.5, 75, 550, True, False, 32, 0.8, 0.001
f1_VSKf_729, 0:02:41.142524, 161.14252400398254, vsk_interpol, 5, franke_function, deltaresnet_000, gaussian, 0.6, halton, adam_lr1e-4, 729, 100, 1000, 1000, 0.5, 75, 550, True, False, 32, 0.8, 0.001
f1_VSKf_729, 0:02:42.559287, 162.5592873096466, vsk_interpol, 5, franke_function, deltaresnet_000, gaussian, 0.6, halton, adam_lr1e-4, 729, 100, 1000, 1000, 0.5, 75, 550, True, False, 32, 0.8, 0.001
f1_VSKf_729, 0:02:42.065279, 162.065279006958, vsk_interpol, 5, franke_function, deltaresnet_000, gaussian, 0.6, halton, adam_lr1e-4, 729, 100, 1000, 1000, 0.5, 75, 550, True, False, 32, 0.8, 0.001
f1_VSKf_729, 0:02:42.285765, 162.28576469421387, vsk_interpol, 5, franke_function, deltaresnet_000, gaussian, 0.6, halton, adam_lr1e-4, 729, 100, 1000, 1000, 0.5, 75, 550, True, False, 32, 0.8, 0.001
f1_VSKf_729, 0:02:40.301522, 160.3015217781067, vsk_interpol, 5, franke_function, deltaresnet_000, gaussian, 0.6, halton, adam_lr1e-4, 729, 100, 1000, 1000, 0.5, 75, 550, True, False, 32, 0.8, 0.001
f1_VSKf_729, 0:02:42.091756, 162.09175562858582, vsk_interpol, 5, franke_function, deltaresnet_000, gaussian, 0.6, halton, adam_lr1e-4, 729, 100, 1000, 1000, 0.5, 75, 550, True, False, 32, 0.8, 0.001
f1_VSKf_729, 0:02:41.994197, 161.99419713020325, vsk_interpol, 5, franke_function, deltaresnet_000, gaussian, 0.6, halton, adam_lr1e-4, 729, 100, 1000, 1000, 0.5, 75, 550, True, False, 32, 0.8, 0.001
f1_VSKf_729, 0:02:40.417100, 160.41709995269775, vsk_interpol, 5, franke_function, deltaresnet_000, gaussian, 0.6, halton, adam_lr1e-4, 729, 100, 1000, 1000, 0.5, 75, 550, True, False, 32, 0.8, 0.001
f1_dNNVSK_1089, 0:01:36.486201, 96.48620057106018, vsk_interpol, 5, franke_function, deltaresnet_000, gaussian, 1.2, halton, adam_lr1e-4, 1089, 100, 2000, 2000, 0.5, 75, 550, False, False, 32, 0.8, 0.001
f1_dNNVSK_1089, 0:01:37.064657, 97.06465744972229, vsk_interpol, 5, franke_function, deltaresnet_000, gaussian, 1.2, halton, adam_lr1e-4, 1089, 100, 2000, 2000, 0.5, 75, 550, False, False, 32, 0.8, 0.001
f1_dNNVSK_1089, 0:01:36.818169, 96.8181688785553, vsk_interpol, 5, franke_function, deltaresnet_000, gaussian, 1.2, halton, adam_lr1e-4, 1089, 100, 2000, 2000, 0.5, 75, 550, False, False, 32, 0.8, 0.001
f1_dNNVSK_1089, 0:01:36.914174, 96.9141743183136, vsk_interpol, 5, franke_function, deltaresnet_000, gaussian, 1.2, halton, adam_lr1e-4, 1089, 100, 2000, 2000, 0.5, 75, 550, False, False, 32, 0.8, 0.001
f1_dNNVSK_1089, 0:01:37.305754, 97.3057541847229, vsk_interpol, 5, franke_function, deltaresnet_000, gaussian, 1.2, halton, adam_lr1e-4, 1089, 100, 2000, 2000, 0.5, 75, 550, False, False, 32, 0.8, 0.001
f1_dNNVSK_1089, 0:01:36.958890, 96.95889043807983, vsk_interpol, 5, franke_function, deltaresnet_000, gaussian, 1.2, halton, adam_lr1e-4, 1089, 100, 2000, 2000, 0.5, 75, 550, False, False, 32, 0.8, 0.001
f1_dNNVSK_1089, 0:01:36.946920, 96.94692015647888, vsk_interpol, 5, franke_function, deltaresnet_000, gaussian, 1.2, halton, adam_lr1e-4, 1089, 100, 2000, 2000, 0.5, 75, 550, False, False, 32, 0.8, 0.001
f1_dNNVSK_1089, 0:01:36.878797, 96.87879705429077, vsk_interpol, 5, franke_function, deltaresnet_000, gaussian, 1.2, halton, adam_lr1e-4, 1089, 100, 2000, 2000, 0.5, 75, 550, False, False, 32, 0.8, 0.001
f1_dNNVSK_1089, 0:01:37.085047, 97.08504676818848, vsk_interpol, 5, franke_function, deltaresnet_000, gaussian, 1.2, halton, adam_lr1e-4, 1089, 100, 2000, 2000, 0.5, 75, 550, False, False, 32, 0.8, 0.001
f1_dNNVSK_1089, 0:01:37.161701, 97.16170144081116, vsk_interpol, 5, franke_function, deltaresnet_000, gaussian, 1.2, halton, adam_lr1e-4, 1089, 100, 2000, 2000, 0.5, 75, 550, False, False, 32, 0.8, 0.001
f1_VSKf_1089, 0:03:46.658145, 226.6581449508667, vsk_interpol, 5, franke_function, deltaresnet_000, gaussian, 1.2, halton, adam_lr1e-4, 1089, 100, 1000, 1000, 0.5, 75, 550, True, False, 32, 0.8, 0.001
f1_VSKf_1089, 0:03:46.848543, 226.84854340553284, vsk_interpol, 5, franke_function, deltaresnet_000, gaussian, 1.2, halton, adam_lr1e-4, 1089, 100, 1000, 1000, 0.5, 75, 550, True, False, 32, 0.8, 0.001
f1_VSKf_1089, 0:03:47.845467, 227.8454670906067, vsk_interpol, 5, franke_function, deltaresnet_000, gaussian, 1.2, halton, adam_lr1e-4, 1089, 100, 1000, 1000, 0.5, 75, 550, True, False, 32, 0.8, 0.001
f1_VSKf_1089, 0:03:46.248612, 226.24861240386963, vsk_interpol, 5, franke_function, deltaresnet_000, gaussian, 1.2, halton, adam_lr1e-4, 1089, 100, 1000, 1000, 0.5, 75, 550, True, False, 32, 0.8, 0.001
f1_VSKf_1089, 0:03:46.972125, 226.97212505340576, vsk_interpol, 5, franke_function, deltaresnet_000, gaussian, 1.2, halton, adam_lr1e-4, 1089, 100, 1000, 1000, 0.5, 75, 550, True, False, 32, 0.8, 0.001
f1_VSKf_1089, 0:03:47.192398, 227.19239830970764, vsk_interpol, 5, franke_function, deltaresnet_000, gaussian, 1.2, halton, adam_lr1e-4, 1089, 100, 1000, 1000, 0.5, 75, 550, True, False, 32, 0.8, 0.001
f1_VSKf_1089, 0:03:45.959920, 225.95992040634155, vsk_interpol, 5, franke_function, deltaresnet_000, gaussian, 1.2, halton, adam_lr1e-4, 1089, 100, 1000, 1000, 0.5, 75, 550, True, False, 32, 0.8, 0.001
f1_VSKf_1089, 0:03:49.094079, 229.09407925605774, vsk_interpol, 5, franke_function, deltaresnet_000, gaussian, 1.2, halton, adam_lr1e-4, 1089, 100, 1000, 1000, 0.5, 75, 550, True, False, 32, 0.8, 0.001
f1_VSKf_1089, 0:03:47.784882, 227.78488206863403, vsk_interpol, 5, franke_function, deltaresnet_000, gaussian, 1.2, halton, adam_lr1e-4, 1089, 100, 1000, 1000, 0.5, 75, 550, True, False, 32, 0.8, 0.001
f1_VSKf_1089, 0:03:45.956998, 225.95699787139893, vsk_interpol, 5, franke_function, deltaresnet_000, gaussian, 1.2, halton, adam_lr1e-4, 1089, 100, 1000, 1000, 0.5, 75, 550, True, False, 32, 0.8, 0.001
f1_dNNVSK_1521, 0:02:19.191153, 139.19115328788757, vsk_interpol, 5, franke_function, deltaresnet_000, gaussian, 4.8, halton, adam_lr1e-4, 1521, 100, 2000, 2000, 0.5, 75, 550, False, False, 32, 0.8, 0.001
f1_dNNVSK_1521, 0:02:19.980086, 139.98008608818054, vsk_interpol, 5, franke_function, deltaresnet_000, gaussian, 4.8, halton, adam_lr1e-4, 1521, 100, 2000, 2000, 0.5, 75, 550, False, False, 32, 0.8, 0.001
f1_dNNVSK_1521, 0:02:19.921765, 139.92176461219788, vsk_interpol, 5, franke_function, deltaresnet_000, gaussian, 4.8, halton, adam_lr1e-4, 1521, 100, 2000, 2000, 0.5, 75, 550, False, False, 32, 0.8, 0.001
f1_dNNVSK_1521, 0:02:20.095104, 140.09510350227356, vsk_interpol, 5, franke_function, deltaresnet_000, gaussian, 4.8, halton, adam_lr1e-4, 1521, 100, 2000, 2000, 0.5, 75, 550, False, False, 32, 0.8, 0.001
f1_dNNVSK_1521, 0:02:20.001150, 140.00115036964417, vsk_interpol, 5, franke_function, deltaresnet_000, gaussian, 4.8, halton, adam_lr1e-4, 1521, 100, 2000, 2000, 0.5, 75, 550, False, False, 32, 0.8, 0.001
f1_dNNVSK_1521, 0:02:19.918599, 139.918598651886, vsk_interpol, 5, franke_function, deltaresnet_000, gaussian, 4.8, halton, adam_lr1e-4, 1521, 100, 2000, 2000, 0.5, 75, 550, False, False, 32, 0.8, 0.001
f1_dNNVSK_1521, 0:02:20.085836, 140.08583617210388, vsk_interpol, 5, franke_function, deltaresnet_000, gaussian, 4.8, halton, adam_lr1e-4, 1521, 100, 2000, 2000, 0.5, 75, 550, False, False, 32, 0.8, 0.001
f1_dNNVSK_1521, 0:02:19.930789, 139.9307885169983, vsk_interpol, 5, franke_function, deltaresnet_000, gaussian, 4.8, halton, adam_lr1e-4, 1521, 100, 2000, 2000, 0.5, 75, 550, False, False, 32, 0.8, 0.001
f1_dNNVSK_1521, 0:02:19.970140, 139.97013974189758, vsk_interpol, 5, franke_function, deltaresnet_000, gaussian, 4.8, halton, adam_lr1e-4, 1521, 100, 2000, 2000, 0.5, 75, 550, False, False, 32, 0.8, 0.001
f1_dNNVSK_1521, 0:02:20.092416, 140.09241580963135, vsk_interpol, 5, franke_function, deltaresnet_000, gaussian, 4.8, halton, adam_lr1e-4, 1521, 100, 2000, 2000, 0.5, 75, 550, False, False, 32, 0.8, 0.001
f1_VSKf_1521, 0:05:05.577570, 305.5775697231293, vsk_interpol, 5, franke_function, deltaresnet_000, gaussian, 4.8, halton, adam_lr1e-4, 1521, 100, 1000, 1000, 0.5, 75, 550, True, False, 32, 0.8, 0.001
f1_VSKf_1521, 0:05:06.801588, 306.8015878200531, vsk_interpol, 5, franke_function, deltaresnet_000, gaussian, 4.8, halton, adam_lr1e-4, 1521, 100, 1000, 1000, 0.5, 75, 550, True, False, 32, 0.8, 0.001
f1_VSKf_1521, 0:05:06.924029, 306.924028635025, vsk_interpol, 5, franke_function, deltaresnet_000, gaussian, 4.8, halton, adam_lr1e-4, 1521, 100, 1000, 1000, 0.5, 75, 550, True, False, 32, 0.8, 0.001
f1_VSKf_1521, 0:05:05.761658, 305.76165771484375, vsk_interpol, 5, franke_function, deltaresnet_000, gaussian, 4.8, halton, adam_lr1e-4, 1521, 100, 1000, 1000, 0.5, 75, 550, True, False, 32, 0.8, 0.001
f1_VSKf_1521, 0:05:05.695218, 305.6952176094055, vsk_interpol, 5, franke_function, deltaresnet_000, gaussian, 4.8, halton, adam_lr1e-4, 1521, 100, 1000, 1000, 0.5, 75, 550, True, False, 32, 0.8, 0.001
f1_VSKf_1521, 0:05:08.018752, 308.0187523365021, vsk_interpol, 5, franke_function, deltaresnet_000, gaussian, 4.8, halton, adam_lr1e-4, 1521, 100, 1000, 1000, 0.5, 75, 550, True, False, 32, 0.8, 0.001
f1_VSKf_1521, 0:05:04.911011, 304.91101121902466, vsk_interpol, 5, franke_function, deltaresnet_000, gaussian, 4.8, halton, adam_lr1e-4, 1521, 100, 1000, 1000, 0.5, 75, 550, True, False, 32, 0.8, 0.001
f1_VSKf_1521, 0:05:06.184562, 306.1845624446869, vsk_interpol, 5, franke_function, deltaresnet_000, gaussian, 4.8, halton, adam_lr1e-4, 1521, 100, 1000, 1000, 0.5, 75, 550, True, False, 32, 0.8, 0.001
f1_VSKf_1521, 0:05:05.654929, 305.6549291610718, vsk_interpol, 5, franke_function, deltaresnet_000, gaussian, 4.8, halton, adam_lr1e-4, 1521, 100, 1000, 1000, 0.5, 75, 550, True, False, 32, 0.8, 0.001
f1_VSKf_1521, 0:05:04.707527, 304.7075266838074, vsk_interpol, 5, franke_function, deltaresnet_000, gaussian, 4.8, halton, adam_lr1e-4, 1521, 100, 1000, 1000, 0.5, 75, 550, True, False, 32, 0.8, 0.001
f4_dNNVSK_729, 0:01:07.309565, 67.3095645904541, vsk_interpol, 8, acetone_surface, deltaresnet_000, matern_c2, 0.06, halton, adam_lr1e-4, 729, 100, 2000, 2000, 0.5, 75, 550, False, False, 32, 0.8, 0.001
f4_dNNVSK_729, 0:01:08.487406, 68.48740601539612, vsk_interpol, 8, acetone_surface, deltaresnet_000, matern_c2, 0.06, halton, adam_lr1e-4, 729, 100, 2000, 2000, 0.5, 75, 550, False, False, 32, 0.8, 0.001
f4_dNNVSK_729, 0:01:08.102716, 68.10271573066711, vsk_interpol, 8, acetone_surface, deltaresnet_000, matern_c2, 0.06, halton, adam_lr1e-4, 729, 100, 2000, 2000, 0.5, 75, 550, False, False, 32, 0.8, 0.001
f4_dNNVSK_729, 0:01:08.323452, 68.32345151901245, vsk_interpol, 8, acetone_surface, deltaresnet_000, matern_c2, 0.06, halton, adam_lr1e-4, 729, 100, 2000, 2000, 0.5, 75, 550, False, False, 32, 0.8, 0.001
f4_dNNVSK_729, 0:01:08.016242, 68.0162422657013, vsk_interpol, 8, acetone_surface, deltaresnet_000, matern_c2, 0.06, halton, adam_lr1e-4, 729, 100, 2000, 2000, 0.5, 75, 550, False, False, 32, 0.8, 0.001
f4_VSKf_729, 0:02:42.438150, 162.4381504058838, vsk_interpol, 8, acetone_surface, deltaresnet_000, matern_c2, 0.06, halton, adam_lr1e-4, 729, 100, 1000, 1000, 0.5, 75, 550, True, False, 32, 0.8, 0.001
f4_VSKf_729, 0:02:41.084226, 161.08422565460205, vsk_interpol, 8, acetone_surface, deltaresnet_000, matern_c2, 0.06, halton, adam_lr1e-4, 729, 100, 1000, 1000, 0.5, 75, 550, True, False, 32, 0.8, 0.001
f4_VSKf_729, 0:02:41.516175, 161.5161747932434, vsk_interpol, 8, acetone_surface, deltaresnet_000, matern_c2, 0.06, halton, adam_lr1e-4, 729, 100, 1000, 1000, 0.5, 75, 550, True, False, 32, 0.8, 0.001
f4_VSKf_729, 0:02:42.345201, 162.345201253891, vsk_interpol, 8, acetone_surface, deltaresnet_000, matern_c2, 0.06, halton, adam_lr1e-4, 729, 100, 1000, 1000, 0.5, 75, 550, True, False, 32, 0.8, 0.001
f4_VSKf_729, 0:02:41.797178, 161.79717779159546, vsk_interpol, 8, acetone_surface, deltaresnet_000, matern_c2, 0.06, halton, adam_lr1e-4, 729, 100, 1000, 1000, 0.5, 75, 550, True, False, 32, 0.8, 0.001
f4_VSKf_729, 0:02:41.237451, 161.2374505996704, vsk_interpol, 8, acetone_surface, deltaresnet_000, matern_c2, 0.06, halton, adam_lr1e-4, 729, 100, 1000, 1000, 0.5, 75, 550, True, False, 32, 0.8, 0.001
f4_VSKf_729, 0:02:42.795514, 162.79551434516907, vsk_interpol, 8, acetone_surface, deltaresnet_000, matern_c2, 0.06, halton, adam_lr1e-4, 729, 100, 1000, 1000, 0.5, 75, 550, True, False, 32, 0.8, 0.001
f4_dNNVSK_1089, 0:01:43.919492, 103.91949248313904, vsk_interpol, 8, acetone_surface, deltaresnet_000, matern_c2, 0.12, halton, adam_lr1e-4, 1089, 100, 2000, 2000, 0.5, 75, 550, False, False, 32, 0.8, 0.001
f4_dNNVSK_1089, 0:01:44.356540, 104.3565399646759, vsk_interpol, 8, acetone_surface, deltaresnet_000, matern_c2, 0.12, halton, adam_lr1e-4, 1089, 100, 2000, 2000, 0.5, 75, 550, False, False, 32, 0.8, 0.001
f4_dNNVSK_1089, 0:01:44.410375, 104.41037487983704, vsk_interpol, 8, acetone_surface, deltaresnet_000, matern_c2, 0.12, halton, adam_lr1e-4, 1089, 100, 2000, 2000, 0.5, 75, 550, False, False, 32, 0.8, 0.001
f4_dNNVSK_1089, 0:01:44.556887, 104.55688714981079, vsk_interpol, 8, acetone_surface, deltaresnet_000, matern_c2, 0.12, halton, adam_lr1e-4, 1089, 100, 2000, 2000, 0.5, 75, 550, False, False, 32, 0.8, 0.001
f4_dNNVSK_1089, 0:01:44.503579, 104.50357913970947, vsk_interpol, 8, acetone_surface, deltaresnet_000, matern_c2, 0.12, halton, adam_lr1e-4, 1089, 100, 2000, 2000, 0.5, 75, 550, False, False, 32, 0.8, 0.001
f4_dNNVSK_1089, 0:01:44.475039, 104.47503924369812, vsk_interpol, 8, acetone_surface, deltaresnet_000, matern_c2, 0.12, halton, adam_lr1e-4, 1089, 100, 2000, 2000, 0.5, 75, 550, False, False, 32, 0.8, 0.001
f4_VSKf_1089, 0:03:47.226643, 227.22664284706116, vsk_interpol, 8, acetone_surface, deltaresnet_000, matern_c2, 0.12, halton, adam_lr1e-4, 1089, 100, 1000, 1000, 0.5, 75, 550, True, False, 32, 0.8, 0.001
f4_VSKf_1089, 0:03:46.822840, 226.82283997535706, vsk_interpol, 8, acetone_surface, deltaresnet_000, matern_c2, 0.12, halton, adam_lr1e-4, 1089, 100, 1000, 1000, 0.5, 75, 550, True, False, 32, 0.8, 0.001
f4_VSKf_1089, 0:03:46.858708, 226.85870838165283, vsk_interpol, 8, acetone_surface, deltaresnet_000, matern_c2, 0.12, halton, adam_lr1e-4, 1089, 100, 1000, 1000, 0.5, 75, 550, True, False, 32, 0.8, 0.001
f4_VSKf_1089, 0:03:47.299664, 227.29966378211975, vsk_interpol, 8, acetone_surface, deltaresnet_000, matern_c2, 0.12, halton, adam_lr1e-4, 1089, 100, 1000, 1000, 0.5, 75, 550, True, False, 32, 0.8, 0.001
f4_VSKf_1089, 0:03:46.847359, 226.84735918045044, vsk_interpol, 8, acetone_surface, deltaresnet_000, matern_c2, 0.12, halton, adam_lr1e-4, 1089, 100, 1000, 1000, 0.5, 75, 550, True, False, 32, 0.8, 0.001
f4_VSKf_1089, 0:03:45.630837, 225.63083672523499, vsk_interpol, 8, acetone_surface, deltaresnet_000, matern_c2, 0.12, halton, adam_lr1e-4, 1089, 100, 1000, 1000, 0.5, 75, 550, True, False, 32, 0.8, 0.001
f4_VSKf_1089, 0:03:46.598624, 226.598623752594, vsk_interpol, 8, acetone_surface, deltaresnet_000, matern_c2, 0.12, halton, adam_lr1e-4, 1089, 100, 1000, 1000, 0.5, 75, 550, True, False, 32, 0.8, 0.001
f4_dNNVSK_1521, 0:02:32.489382, 152.4893820285797, vsk_interpol, 8, acetone_surface, deltaresnet_000, matern_c2, 0.48, halton, adam_lr1e-4, 1521, 100, 2000, 2000, 0.5, 75, 550, False, False, 32, 0.8, 0.001
f4_dNNVSK_1521, 0:02:32.978753, 152.97875261306763, vsk_interpol, 8, acetone_surface, deltaresnet_000, matern_c2, 0.48, halton, adam_lr1e-4, 1521, 100, 2000, 2000, 0.5, 75, 550, False, False, 32, 0.8, 0.001
f4_dNNVSK_1521, 0:02:33.107204, 153.10720443725586, vsk_interpol, 8, acetone_surface, deltaresnet_000, matern_c2, 0.48, halton, adam_lr1e-4, 1521, 100, 2000, 2000, 0.5, 75, 550, False, False, 32, 0.8, 0.001
f4_dNNVSK_1521, 0:02:33.197090, 153.19708967208862, vsk_interpol, 8, acetone_surface, deltaresnet_000, matern_c2, 0.48, halton, adam_lr1e-4, 1521, 100, 2000, 2000, 0.5, 75, 550, False, False, 32, 0.8, 0.001
f4_dNNVSK_1521, 0:02:33.166588, 153.16658806800842, vsk_interpol, 8, acetone_surface, deltaresnet_000, matern_c2, 0.48, halton, adam_lr1e-4, 1521, 100, 2000, 2000, 0.5, 75, 550, False, False, 32, 0.8, 0.001
f4_VSKf_1521, 0:04:25.447466, 265.44746565818787, vsk_interpol, 8, acetone_surface, deltaresnet_000, matern_c2, 0.48, halton, adam_lr1e-4, 1521, 100, 1000, 868, 0.5, 75, 550, True, False, 32, 0.8, 0.001
f3_dNNVSK_729, 0:01:06.565118, 66.56511759757996, vsk_interpol, 9, disc_twoexps, deltaresnet_000, matern_c2, 0.06, halton, adam_lr1e-4, 729, 100, 2000, 2000, 0.5, 75, 550, False, False, 32, 0.8, 0.001
f3_dNNVSK_729, 0:01:06.876287, 66.87628722190857, vsk_interpol, 9, disc_twoexps, deltaresnet_000, matern_c2, 0.06, halton, adam_lr1e-4, 729, 100, 2000, 2000, 0.5, 75, 550, False, False, 32, 0.8, 0.001
f3_dNNVSK_729, 0:01:06.837182, 66.83718180656433, vsk_interpol, 9, disc_twoexps, deltaresnet_000, matern_c2, 0.06, halton, adam_lr1e-4, 729, 100, 2000, 2000, 0.5, 75, 550, False, False, 32, 0.8, 0.001
f3_dNNVSK_729, 0:01:06.829390, 66.82939004898071, vsk_interpol, 9, disc_twoexps, deltaresnet_000, matern_c2, 0.06, halton, adam_lr1e-4, 729, 100, 2000, 2000, 0.5, 75, 550, False, False, 32, 0.8, 0.001
f3_dNNVSK_729, 0:01:06.915318, 66.91531753540039, vsk_interpol, 9, disc_twoexps, deltaresnet_000, matern_c2, 0.06, halton, adam_lr1e-4, 729, 100, 2000, 2000, 0.5, 75, 550, False, False, 32, 0.8, 0.001
f3_dNNVSK_729, 0:01:06.797015, 66.79701542854309, vsk_interpol, 9, disc_twoexps, deltaresnet_000, matern_c2, 0.06, halton, adam_lr1e-4, 729, 100, 2000, 2000, 0.5, 75, 550, False, False, 32, 0.8, 0.001
f3_dNNVSK_729, 0:01:06.779466, 66.77946615219116, vsk_interpol, 9, disc_twoexps, deltaresnet_000, matern_c2, 0.06, halton, adam_lr1e-4, 729, 100, 2000, 2000, 0.5, 75, 550, False, False, 32, 0.8, 0.001
f3_dNNVSK_729, 0:01:07.010377, 67.01037669181824, vsk_interpol, 9, disc_twoexps, deltaresnet_000, matern_c2, 0.06, halton, adam_lr1e-4, 729, 100, 2000, 2000, 0.5, 75, 550, False, False, 32, 0.8, 0.001
f3_dNNVSK_729, 0:01:06.876292, 66.87629175186157, vsk_interpol, 9, disc_twoexps, deltaresnet_000, matern_c2, 0.06, halton, adam_lr1e-4, 729, 100, 2000, 2000, 0.5, 75, 550, False, False, 32, 0.8, 0.001
f3_dNNVSK_729, 0:01:06.944999, 66.94499897956848, vsk_interpol, 9, disc_twoexps, deltaresnet_000, matern_c2, 0.06, halton, adam_lr1e-4, 729, 100, 2000, 2000, 0.5, 75, 550, False, False, 32, 0.8, 0.001
f3_VSKf_729, 0:02:42.691081, 162.69108057022095, vsk_interpol, 9, disc_twoexps, deltaresnet_000, matern_c2, 0.06, halton, adam_lr1e-4, 729, 100, 1000, 1000, 0.5, 75, 550, True, False, 32, 0.8, 0.001
f3_VSKf_729, 0:02:42.412338, 162.41233777999878, vsk_interpol, 9, disc_twoexps, deltaresnet_000, matern_c2, 0.06, halton, adam_lr1e-4, 729, 100, 1000, 1000, 0.5, 75, 550, True, False, 32, 0.8, 0.001
f3_VSKf_729, 0:02:42.547673, 162.54767274856567, vsk_interpol, 9, disc_twoexps, deltaresnet_000, matern_c2, 0.06, halton, adam_lr1e-4, 729, 100, 1000, 1000, 0.5, 75, 550, True, False, 32, 0.8, 0.001
f3_VSKf_729, 0:02:43.025356, 163.02535557746887, vsk_interpol, 9, disc_twoexps, deltaresnet_000, matern_c2, 0.06, halton, adam_lr1e-4, 729, 100, 1000, 1000, 0.5, 75, 550, True, False, 32, 0.8, 0.001
f3_VSKf_729, 0:02:41.959816, 161.95981621742249, vsk_interpol, 9, disc_twoexps, deltaresnet_000, matern_c2, 0.06, halton, adam_lr1e-4, 729, 100, 1000, 1000, 0.5, 75, 550, True, False, 32, 0.8, 0.001
f3_VSKf_729, 0:02:42.868884, 162.8688840866089, vsk_interpol, 9, disc_twoexps, deltaresnet_000, matern_c2, 0.06, halton, adam_lr1e-4, 729, 100, 1000, 1000, 0.5, 75, 550, True, False, 32, 0.8, 0.001
f3_VSKf_729, 0:02:41.907434, 161.90743398666382, vsk_interpol, 9, disc_twoexps, deltaresnet_000, matern_c2, 0.06, halton, adam_lr1e-4, 729, 100, 1000, 1000, 0.5, 75, 550, True, False, 32, 0.8, 0.001
f3_VSKf_729, 0:02:41.981852, 161.9818515777588, vsk_interpol, 9, disc_twoexps, deltaresnet_000, matern_c2, 0.06, halton, adam_lr1e-4, 729, 100, 1000, 1000, 0.5, 75, 550, True, False, 32, 0.8, 0.001
f3_VSKf_729, 0:02:41.561980, 161.56198000907898, vsk_interpol, 9, disc_twoexps, deltaresnet_000, matern_c2, 0.06, halton, adam_lr1e-4, 729, 100, 1000, 1000, 0.5, 75, 550, True, False, 32, 0.8, 0.001
f3_VSKf_729, 0:02:42.402758, 162.4027578830719, vsk_interpol, 9, disc_twoexps, deltaresnet_000, matern_c2, 0.06, halton, adam_lr1e-4, 729, 100, 1000, 1000, 0.5, 75, 550, True, False, 32, 0.8, 0.001
f3_dNNVSK_1089, 0:01:43.189674, 103.18967413902283, vsk_interpol, 9, disc_twoexps, deltaresnet_000, matern_c2, 0.12, halton, adam_lr1e-4, 1089, 100, 2000, 2000, 0.5, 75, 550, False, False, 32, 0.8, 0.001
f3_dNNVSK_1089, 0:01:43.929234, 103.92923378944397, vsk_interpol, 9, disc_twoexps, deltaresnet_000, matern_c2, 0.12, halton, adam_lr1e-4, 1089, 100, 2000, 2000, 0.5, 75, 550, False, False, 32, 0.8, 0.001
f3_dNNVSK_1089, 0:01:43.926647, 103.92664694786072, vsk_interpol, 9, disc_twoexps, deltaresnet_000, matern_c2, 0.12, halton, adam_lr1e-4, 1089, 100, 2000, 2000, 0.5, 75, 550, False, False, 32, 0.8, 0.001
f3_dNNVSK_1089, 0:01:43.865734, 103.86573362350464, vsk_interpol, 9, disc_twoexps, deltaresnet_000, matern_c2, 0.12, halton, adam_lr1e-4, 1089, 100, 2000, 2000, 0.5, 75, 550, False, False, 32, 0.8, 0.001
f3_dNNVSK_1089, 0:01:43.946134, 103.94613432884216, vsk_interpol, 9, disc_twoexps, deltaresnet_000, matern_c2, 0.12, halton, adam_lr1e-4, 1089, 100, 2000, 2000, 0.5, 75, 550, False, False, 32, 0.8, 0.001
f3_dNNVSK_1089, 0:01:43.955680, 103.95568037033081, vsk_interpol, 9, disc_twoexps, deltaresnet_000, matern_c2, 0.12, halton, adam_lr1e-4, 1089, 100, 2000, 2000, 0.5, 75, 550, False, False, 32, 0.8, 0.001
f3_dNNVSK_1089, 0:01:44.077917, 104.07791686058044, vsk_interpol, 9, disc_twoexps, deltaresnet_000, matern_c2, 0.12, halton, adam_lr1e-4, 1089, 100, 2000, 2000, 0.5, 75, 550, False, False, 32, 0.8, 0.001
f3_dNNVSK_1089, 0:01:43.973997, 103.97399735450745, vsk_interpol, 9, disc_twoexps, deltaresnet_000, matern_c2, 0.12, halton, adam_lr1e-4, 1089, 100, 2000, 2000, 0.5, 75, 550, False, False, 32, 0.8, 0.001
f3_dNNVSK_1089, 0:01:44.015758, 104.01575827598572, vsk_interpol, 9, disc_twoexps, deltaresnet_000, matern_c2, 0.12, halton, adam_lr1e-4, 1089, 100, 2000, 2000, 0.5, 75, 550, False, False, 32, 0.8, 0.001
f3_dNNVSK_1089, 0:01:43.992177, 103.99217748641968, vsk_interpol, 9, disc_twoexps, deltaresnet_000, matern_c2, 0.12, halton, adam_lr1e-4, 1089, 100, 2000, 2000, 0.5, 75, 550, False, False, 32, 0.8, 0.001
f3_VSKf_1089, 0:03:35.287568, 215.2875680923462, vsk_interpol, 9, disc_twoexps, deltaresnet_000, matern_c2, 0.12, halton, adam_lr1e-4, 1089, 100, 1000, 947, 0.5, 75, 550, True, False, 32, 0.8, 0.001
f3_VSKf_1089, 0:03:35.472113, 215.4721131324768, vsk_interpol, 9, disc_twoexps, deltaresnet_000, matern_c2, 0.12, halton, adam_lr1e-4, 1089, 100, 1000, 947, 0.5, 75, 550, True, False, 32, 0.8, 0.001
f3_VSKf_1089, 0:03:34.610531, 214.61053133010864, vsk_interpol, 9, disc_twoexps, deltaresnet_000, matern_c2, 0.12, halton, adam_lr1e-4, 1089, 100, 1000, 947, 0.5, 75, 550, True, False, 32, 0.8, 0.001
f3_VSKf_1089, 0:03:35.755026, 215.75502610206604, vsk_interpol, 9, disc_twoexps, deltaresnet_000, matern_c2, 0.12, halton, adam_lr1e-4, 1089, 100, 1000, 947, 0.5, 75, 550, True, False, 32, 0.8, 0.001
f3_VSKf_1089, 0:03:36.297809, 216.29780888557434, vsk_interpol, 9, disc_twoexps, deltaresnet_000, matern_c2, 0.12, halton, adam_lr1e-4, 1089, 100, 1000, 947, 0.5, 75, 550, True, False, 32, 0.8, 0.001
f3_VSKf_1089, 0:03:32.864360, 212.86436009407043, vsk_interpol, 9, disc_twoexps, deltaresnet_000, matern_c2, 0.12, halton, adam_lr1e-4, 1089, 100, 1000, 947, 0.5, 75, 550, True, False, 32, 0.8, 0.001
f3_VSKf_1089, 0:03:34.856086, 214.85608625411987, vsk_interpol, 9, disc_twoexps, deltaresnet_000, matern_c2, 0.12, halton, adam_lr1e-4, 1089, 100, 1000, 947, 0.5, 75, 550, True, False, 32, 0.8, 0.001
f3_VSKf_1089, 0:03:34.304019, 214.30401921272278, vsk_interpol, 9, disc_twoexps, deltaresnet_000, matern_c2, 0.12, halton, adam_lr1e-4, 1089, 100, 1000, 947, 0.5, 75, 550, True, False, 32, 0.8, 0.001
f3_VSKf_1089, 0:03:34.155252, 214.1552517414093, vsk_interpol, 9, disc_twoexps, deltaresnet_000, matern_c2, 0.12, halton, adam_lr1e-4, 1089, 100, 1000, 947, 0.5, 75, 550, True, False, 32, 0.8, 0.001
f3_VSKf_1089, 0:03:34.084828, 214.08482766151428, vsk_interpol, 9, disc_twoexps, deltaresnet_000, matern_c2, 0.12, halton, adam_lr1e-4, 1089, 100, 1000, 947, 0.5, 75, 550, True, False, 32, 0.8, 0.001
f4_dNNVSK_729, 0:01:08.494541, 68.49454140663147, vsk_interpol, 8, acetone_surface, deltaresnet_000, matern_c2, 0.06, halton, adam_lr1e-4, 729, 100, 2000, 2000, 0.5, 75, 550, False, False, 32, 0.8, 0.001
f4_dNNVSK_729, 0:01:09.912780, 69.91277956962585, vsk_interpol, 8, acetone_surface, deltaresnet_000, matern_c2, 0.06, halton, adam_lr1e-4, 729, 100, 2000, 2000, 0.5, 75, 550, False, False, 32, 0.8, 0.001
f4_dNNVSK_729, 0:01:10.732434, 70.73243355751038, vsk_interpol, 8, acetone_surface, deltaresnet_000, matern_c2, 0.06, halton, adam_lr1e-4, 729, 100, 2000, 2000, 0.5, 75, 550, False, False, 32, 0.8, 0.001
f4_VSKf_729, 0:02:49.191474, 169.19147372245789, vsk_interpol, 8, acetone_surface, deltaresnet_000, matern_c2, 0.06, halton, adam_lr1e-4, 729, 100, 1000, 1000, 0.5, 75, 550, True, False, 32, 0.8, 0.001
f4_VSKf_729, 0:02:41.080097, 161.08009672164917, vsk_interpol, 8, acetone_surface, deltaresnet_000, matern_c2, 0.06, halton, adam_lr1e-4, 729, 100, 1000, 1000, 0.5, 75, 550, True, False, 32, 0.8, 0.001
f4_VSKf_729, 0:02:41.639236, 161.63923573493958, vsk_interpol, 8, acetone_surface, deltaresnet_000, matern_c2, 0.06, halton, adam_lr1e-4, 729, 100, 1000, 1000, 0.5, 75, 550, True, False, 32, 0.8, 0.001
f4_dNNVSK_1089, 0:01:43.673272, 103.67327213287354, vsk_interpol, 8, acetone_surface, deltaresnet_000, matern_c2, 0.12, halton, adam_lr1e-4, 1089, 100, 2000, 2000, 0.5, 75, 550, False, False, 32, 0.8, 0.001
f4_VSKf_1089, 0:03:46.296096, 226.29609560966492, vsk_interpol, 8, acetone_surface, deltaresnet_000, matern_c2, 0.12, halton, adam_lr1e-4, 1089, 100, 1000, 1000, 0.5, 75, 550, True, False, 32, 0.8, 0.001
f4_VSKf_1089, 0:03:46.807399, 226.80739903450012, vsk_interpol, 8, acetone_surface, deltaresnet_000, matern_c2, 0.12, halton, adam_lr1e-4, 1089, 100, 1000, 1000, 0.5, 75, 550, True, False, 32, 0.8, 0.001
f4_VSKf_1089, 0:03:46.757028, 226.75702786445618, vsk_interpol, 8, acetone_surface, deltaresnet_000, matern_c2, 0.12, halton, adam_lr1e-4, 1089, 100, 1000, 1000, 0.5, 75, 550, True, False, 32, 0.8, 0.001
f4_dNNVSK_1521, 0:02:32.351720, 152.3517198562622, vsk_interpol, 8, acetone_surface, deltaresnet_000, matern_c2, 0.48, halton, adam_lr1e-4, 1521, 100, 2000, 2000, 0.5, 75, 550, False, False, 32, 0.8, 0.001
f4_dNNVSK_1521, 0:02:33.079091, 153.07909059524536, vsk_interpol, 8, acetone_surface, deltaresnet_000, matern_c2, 0.48, halton, adam_lr1e-4, 1521, 100, 2000, 2000, 0.5, 75, 550, False, False, 32, 0.8, 0.001
f4_dNNVSK_1521, 0:02:33.124464, 153.1244637966156, vsk_interpol, 8, acetone_surface, deltaresnet_000, matern_c2, 0.48, halton, adam_lr1e-4, 1521, 100, 2000, 2000, 0.5, 75, 550, False, False, 32, 0.8, 0.001
f4_dNNVSK_1521, 0:02:33.253560, 153.25356030464172, vsk_interpol, 8, acetone_surface, deltaresnet_000, matern_c2, 0.48, halton, adam_lr1e-4, 1521, 100, 2000, 2000, 0.5, 75, 550, False, False, 32, 0.8, 0.001
f4_VSKf_1521, 0:04:25.772877, 265.7728765010834, vsk_interpol, 8, acetone_surface, deltaresnet_000, matern_c2, 0.48, halton, adam_lr1e-4, 1521, 100, 1000, 868, 0.5, 75, 550, True, False, 32, 0.8, 0.001
f4_VSKf_1521, 0:04:25.448817, 265.44881677627563, vsk_interpol, 8, acetone_surface, deltaresnet_000, matern_c2, 0.48, halton, adam_lr1e-4, 1521, 100, 1000, 868, 0.5, 75, 550, True, False, 32, 0.8, 0.001
f4_VSKf_1521, 0:04:26.169304, 266.1693043708801, vsk_interpol, 8, acetone_surface, deltaresnet_000, matern_c2, 0.48, halton, adam_lr1e-4, 1521, 100, 1000, 868, 0.5, 75, 550, True, False, 32, 0.8, 0.001
f4_VSKf_1521, 0:04:24.732834, 264.73283433914185, vsk_interpol, 8, acetone_surface, deltaresnet_000, matern_c2, 0.48, halton, adam_lr1e-4, 1521, 100, 1000, 868, 0.5, 75, 550, True, False, 32, 0.8, 0.001
f3_dNNVSK_1521, 0:02:31.649528, 151.6495280265808, vsk_interpol, 9, disc_twoexps, deltaresnet_000, matern_c2, 0.48, halton, adam_lr1e-4, 1521, 100, 2000, 2000, 0.5, 75, 550, False, False, 32, 0.8, 0.001
f3_dNNVSK_1521, 0:02:32.201760, 152.20176005363464, vsk_interpol, 9, disc_twoexps, deltaresnet_000, matern_c2, 0.48, halton, adam_lr1e-4, 1521, 100, 2000, 2000, 0.5, 75, 550, False, False, 32, 0.8, 0.001
f3_dNNVSK_1521, 0:02:32.210466, 152.2104663848877, vsk_interpol, 9, disc_twoexps, deltaresnet_000, matern_c2, 0.48, halton, adam_lr1e-4, 1521, 100, 2000, 2000, 0.5, 75, 550, False, False, 32, 0.8, 0.001
f3_dNNVSK_1521, 0:02:32.297776, 152.29777550697327, vsk_interpol, 9, disc_twoexps, deltaresnet_000, matern_c2, 0.48, halton, adam_lr1e-4, 1521, 100, 2000, 2000, 0.5, 75, 550, False, False, 32, 0.8, 0.001
f3_dNNVSK_1521, 0:02:32.379098, 152.3790979385376, vsk_interpol, 9, disc_twoexps, deltaresnet_000, matern_c2, 0.48, halton, adam_lr1e-4, 1521, 100, 2000, 2000, 0.5, 75, 550, False, False, 32, 0.8, 0.001
f3_dNNVSK_1521, 0:02:32.427267, 152.42726683616638, vsk_interpol, 9, disc_twoexps, deltaresnet_000, matern_c2, 0.48, halton, adam_lr1e-4, 1521, 100, 2000, 2000, 0.5, 75, 550, False, False, 32, 0.8, 0.001
f3_dNNVSK_1521, 0:02:32.331694, 152.33169388771057, vsk_interpol, 9, disc_twoexps, deltaresnet_000, matern_c2, 0.48, halton, adam_lr1e-4, 1521, 100, 2000, 2000, 0.5, 75, 550, False, False, 32, 0.8, 0.001
f3_dNNVSK_1521, 0:02:32.733790, 152.73379015922546, vsk_interpol, 9, disc_twoexps, deltaresnet_000, matern_c2, 0.48, halton, adam_lr1e-4, 1521, 100, 2000, 2000, 0.5, 75, 550, False, False, 32, 0.8, 0.001
f3_dNNVSK_1521, 0:02:32.296075, 152.29607510566711, vsk_interpol, 9, disc_twoexps, deltaresnet_000, matern_c2, 0.48, halton, adam_lr1e-4, 1521, 100, 2000, 2000, 0.5, 75, 550, False, False, 32, 0.8, 0.001
f3_dNNVSK_1521, 0:02:32.562507, 152.56250667572021, vsk_interpol, 9, disc_twoexps, deltaresnet_000, matern_c2, 0.48, halton, adam_lr1e-4, 1521, 100, 2000, 2000, 0.5, 75, 550, False, False, 32, 0.8, 0.001
f3_VSKf_1521, 0:05:06.115271, 306.1152710914612, vsk_interpol, 9, disc_twoexps, deltaresnet_000, matern_c2, 0.48, halton, adam_lr1e-4, 1521, 100, 1000, 1000, 0.5, 75, 550, True, False, 32, 0.8, 0.001
f3_VSKf_1521, 0:05:05.665461, 305.665461063385, vsk_interpol, 9, disc_twoexps, deltaresnet_000, matern_c2, 0.48, halton, adam_lr1e-4, 1521, 100, 1000, 1000, 0.5, 75, 550, True, False, 32, 0.8, 0.001
f3_VSKf_1521, 0:05:06.595201, 306.59520149230957, vsk_interpol, 9, disc_twoexps, deltaresnet_000, matern_c2, 0.48, halton, adam_lr1e-4, 1521, 100, 1000, 1000, 0.5, 75, 550, True, False, 32, 0.8, 0.001
f3_VSKf_1521, 0:05:04.513627, 304.5136272907257, vsk_interpol, 9, disc_twoexps, deltaresnet_000, matern_c2, 0.48, halton, adam_lr1e-4, 1521, 100, 1000, 1000, 0.5, 75, 550, True, False, 32, 0.8, 0.001
f3_VSKf_1521, 0:05:05.188835, 305.18883514404297, vsk_interpol, 9, disc_twoexps, deltaresnet_000, matern_c2, 0.48, halton, adam_lr1e-4, 1521, 100, 1000, 1000, 0.5, 75, 550, True, False, 32, 0.8, 0.001
f3_VSKf_1521, 0:05:04.645939, 304.645938873291, vsk_interpol, 9, disc_twoexps, deltaresnet_000, matern_c2, 0.48, halton, adam_lr1e-4, 1521, 100, 1000, 1000, 0.5, 75, 550, True, False, 32, 0.8, 0.001
f3_VSKf_1521, 0:05:04.779621, 304.7796211242676, vsk_interpol, 9, disc_twoexps, deltaresnet_000, matern_c2, 0.48, halton, adam_lr1e-4, 1521, 100, 1000, 1000, 0.5, 75, 550, True, False, 32, 0.8, 0.001
f3_VSKf_1521, 0:05:06.082440, 306.08244037628174, vsk_interpol, 9, disc_twoexps, deltaresnet_000, matern_c2, 0.48, halton, adam_lr1e-4, 1521, 100, 1000, 1000, 0.5, 75, 550, True, False, 32, 0.8, 0.001
f3_VSKf_1521, 0:05:06.053273, 306.05327320098877, vsk_interpol, 9, disc_twoexps, deltaresnet_000, matern_c2, 0.48, halton, adam_lr1e-4, 1521, 100, 1000, 1000, 0.5, 75, 550, True, False, 32, 0.8, 0.001
f3_VSKf_1521, 0:05:03.904400, 303.90440011024475, vsk_interpol, 9, disc_twoexps, deltaresnet_000, matern_c2, 0.48, halton, adam_lr1e-4, 1521, 100, 1000, 1000, 0.5, 75, 550, True, False, 32, 0.8, 0.001
f4_dNNVSK_729, 0:01:08.451362, 68.4513623714447, vsk_interpol, 8, acetone_surface, deltaresnet_000, matern_c2, 0.06, halton, adam_lr1e-4, 729, 100, 2000, 2000, 0.5, 75, 550, False, False, 32, 0.8, 0.001
f4_dNNVSK_729, 0:01:09.196032, 69.19603228569031, vsk_interpol, 8, acetone_surface, deltaresnet_000, matern_c2, 0.06, halton, adam_lr1e-4, 729, 100, 2000, 2000, 0.5, 75, 550, False, False, 32, 0.8, 0.001
f4_VSKf_1521, 0:04:38.470520, 278.47051978111267, vsk_interpol, 8, acetone_surface, deltaresnet_000, matern_c2, 0.48, halton, adam_lr1e-4, 1521, 100, 1000, 868, 0.5, 75, 550, True, False, 32, 0.8, 0.001
f4_VSKf_1521, 0:04:27.289196, 267.2891960144043, vsk_interpol, 8, acetone_surface, deltaresnet_000, matern_c2, 0.48, halton, adam_lr1e-4, 1521, 100, 1000, 868, 0.5, 75, 550, True, False, 32, 0.8, 0.001
f4_VSKf_1521, 0:04:23.619634, 263.61963391304016, vsk_interpol, 8, acetone_surface, deltaresnet_000, matern_c2, 0.48, halton, adam_lr1e-4, 1521, 100, 1000, 868, 0.5, 75, 550, True, False, 32, 0.8, 0.001
f4_VSKf_1521, 0:04:26.180906, 266.1809058189392, vsk_interpol, 8, acetone_surface, deltaresnet_000, matern_c2, 0.48, halton, adam_lr1e-4, 1521, 100, 1000, 868, 0.5, 75, 550, True, False, 32, 0.8, 0.001
f4_dNNVSK_1089, 0:01:43.215008, 103.21500825881958, vsk_interpol, 8, acetone_surface, deltaresnet_000, matern_c2, 0.12, halton, adam_lr1e-4, 1089, 100, 2000, 2000, 0.5, 75, 550, False, False, 32, 0.8, 0.001
f4_dNNVSK_1089, 0:01:43.302278, 103.30227756500244, vsk_interpol, 8, acetone_surface, deltaresnet_000, matern_c2, 0.12, halton, adam_lr1e-4, 1089, 100, 2000, 2000, 0.5, 75, 550, False, False, 32, 0.8, 0.001
f4_dNNVSK_1089, 0:01:47.704964, 107.70496368408203, vsk_interpol, 8, acetone_surface, deltaresnet_000, matern_c2, 0.12, halton, adam_lr1e-4, 1089, 100, 2000, 2000, 0.5, 75, 550, False, False, 32, 0.8, 0.001
f4_VSKf_1521, 0:04:36.042657, 276.04265689849854, vsk_interpol, 8, acetone_surface, deltaresnet_000, matern_c2, 0.48, halton, adam_lr1e-4, 1521, 100, 1000, 868, 0.5, 75, 550, True, False, 32, 0.8, 0.001
